gene_id	coord_type	pos	variant_type	name	reference
SD1	cds	365	SNP:G>T	Jukkoku-type_Gly122Val(mild,many_japonica_cv)	Monna et al. 2002 DNA Res 9:11; Bhuvaneswari et al. 2020 Plants 9:1198
SD1	genomic	38382762	DEL:382bp(38382762-38383144,Nipponbare_IRGSP-1.0,exon1-2_boundary)	sd1-d_frameshift(DGWG/IR8/Habataki/Milyang23,severe)	Spielmeyer et al. 2002 PNAS 99:9043; Sasaki et al. 2002 Nature 416:701; Tung et al. 2022 Bot Stud PMC8960516
SD1	cds	796	SNP:C>T	Calrose76_Leu266Phe	Asano et al. 2007 Breed Sci 57:53; Bhuvaneswari et al. 2020 Plants 9:1198
SD1	cds	719	SNP:C>T(derived_from_aa_change)	Zhayeqing8_Pro240Leu	Bhuvaneswari et al. 2020 Plants 9:1198
SD1	cds	1026	SNP(base_not_specified_in_source)	9311_Tyr342Stop	Bhuvaneswari et al. 2020 Plants 9:1198
SD1	cds	1045	SNP:G>C	Reimei_Asp349His	Bhuvaneswari et al. 2020 Plants 9:1198
SD1	cds	900	SNP:T>A	sd1-bm_Tyr300Stop(causal,Pusa1652/BM34,novel_in_source_paper)	Bhuvaneswari et al. 2020 Plants 9:1198
SD1	cds	903	SNP:G>T	sd1-bm_haplotype_Lys301Asn(linked,non-causal)	Bhuvaneswari et al. 2020 Plants 9:1198
SD1	cds	1019	SNP:A>G	sd1-bm_haplotype_Gln340Arg(linked,non-causal)	Bhuvaneswari et al. 2020 Plants 9:1198
SD1	cds	299	SNP:A>G	indica/japonica_background_Glu100Gly(non-causal_polymorphism)	Murai et al. 2010 (cited in Bhuvaneswari et al. 2020 Plants 9:1198)
